<?xml version="1.0" encoding="UTF-8"?>
<beans xmlns="http://www.springframework.org/schema/beans"
	xmlns:xsi="http://www.w3.org/2001/XMLSchema-instance" xmlns:p="http://www.springframework.org/schema/p"
	xmlns:context="http://www.springframework.org/schema/context"
	xmlns:mvc="http://www.springframework.org/schema/mvc"
	xsi:schemaLocation="http://www.springframework.org/schema/beans 
	   http://www.springframework.org/schema/beans/spring-beans-4.1.xsd   
       http://www.springframework.org/schema/aop 
       http://www.springframework.org/schema/aop/spring-aop-4.1.xsd   
       http://www.springframework.org/schema/tx 
       http://www.springframework.org/schema/tx/spring-tx-4.1.xsd   
       http://www.springframework.org/schema/context 
       http://www.springframework.org/schema/context/spring-context-4.1.xsd
       http://www.springframework.org/schema/mvc 
       http://www.springframework.org/schema/mvc/spring-mvc-4.1.xsd">
   
     <!-- 启用spring mvc 注解 --> 
    <context:annotation-config />
  
     <context:component-scan base-package="com.base" />

	<!-- Controller方法调用规则定义 -->
	<bean id="paraMethodResolver"
		class="org.springframework.web.servlet.mvc.multiaction.ParameterMethodNameResolver">
		<property name="paramName" value="Controller" />
		<property name="defaultMethodName" value="list" />
	</bean>

	<!-- 页面View层基本信息设定 -->
	<bean id="viewResolver"
		class="org.springframework.web.servlet.view.InternalResourceViewResolver">
		<property name="viewClass"
			value="org.springframework.web.servlet.view.JstlView" />
		<!--<property name="prefix" value="/myjsp/"/> -->
		<property name="suffix" value=".jsp" />
	</bean>

    <bean id="multipartResolver"  
    class="org.springframework.web.multipart.commons.CommonsMultipartResolver" >  
    <property name="defaultEncoding" value="gbk"/> <!-- 默认编码 (ISO-8859-1) -->  
    <property name="maxInMemorySize" value="10240"/> <!-- 最大内存大小 (10240)-->  
    <property name="uploadTempDir" value="/upload/"/> <!-- 上传后的目录名 (WebUtils#TEMP_DIR_CONTEXT_ATTRIBUTE) -->  
    <property name="maxUploadSize" value="-1"/> <!-- 最大文件大小，-1为无限止(-1) -->  
   </bean>
	
</beans>